{
    "ADD_SUCCESS": "Created successfully",
    "AUTH_SUCCESS": "Authenticated Successfully",
    "AUTH_ERROR": "Authentication Failure",
    "ACCOUNT_CREATED": "Account created",
    "SOMETHING_WRONG" : "Something went wrong",
    "EMAIL_EXIST" : "Email already exist",
    "CONTACT_EXIST" : "Contact number alrady exist",
    "WRONG_CREDENTIALS" : "Either email or password is wrong",
    "LOGGED_IN" : "Welcome %type%.",
    "REQUIRED_FIELDS" : "You need to pass one of these field. id || email || number",
    "UPDATED_ACCOUNT" : "Account details updated",
    "ACCOUNT_DELETED" : "Account deleted",
    "ACCOUNT_NOT_EXIST": "Account not exist with given details",
    "OTP_SENT": "An otp is sent to you mobile number",
    "OTP_NOT_SENT": "Something is wrong could't not sent otp to your number.",
    "OTP_VERIFIED": "Otp verified.",
    "OTP_INCORRECT": "Otp is not correct.",
    "CONTACT_USERNOTEXITS": "No user exist with given contact number",
    "USER_NOTEXIST": "User not exist with given user id.",
    "ACCOUNT_ACTIVE": "Your account is active now.",
    "PASSWORD_DIFF": "Password should not be ",
    "PREV_PASS_DIFF": "Old password does not match",
    "PASS_CHANGED": "Your password updated",
    "OLD_NEW_PASS": "New password cannot be the same as old password",
    "OTP_COULD_NOT_SENT": "Unable to send otp",
    "CATEGORY_CREATED": "Category created",
    "PRODUCT_CREATED": "Product added",
    "PARENT_CAT_NOT_EXIST": "No parent category exist with given id",
    "DUPLICATE_CAT_NAME": "A category with the same name already exist",
    "DUPLICATE_PRODUCT_NAME": "A product with the same name already exist",
    "DUPLICATE_KEY_NAME": "A key with the same name already exist",
    "CATEGORY_NOT_EXIST_WITH_ID": "No category exist with given id",
    "DATA_CREATED": "Data created",
    "FETCHED_MASTER": "Master Data",
    "All_PRODUCTS": "All products",
    "CART_UPDATED": "Cart updated",
    "PRODUCT_NOT_EXIST": "Product not exist for given id",
    "CATEGORY_LIST": "Category list",
    "ATTRIBUTE_NAME_EXIST": "An attribute with this name already exist",
    "ATTRIBUTE_CREATED": "Attribute created",
    "ALL_ATTRIBUTE": "All attribute",
    "VARIATION_NAME_EXIST": "An variation with this name already exist",
    "VARIATION_CREATED": "Variation created",
    "NO_VARIATION_EXIST_WITH_ID": "No variation exist with this id",
    "ALL_VARIATION_AND_ATTRIBUTE": "All variation and attribute",
    "SKU_CODE_EXIST": "SKU code already exist",
    "DETAIL_ADDED": "Product detail added"

}